Data,Bateries,Camí de l'Arrel,Coll de Guirló,Camí del Francesos,La Pedrera,Sant Miquel,Taràntules,Tres quarts,Total,Dia Setmana,Mes
01/01/2019,65.5,47,119.5,51,506,812,272.5,,1873.5,dimarts,gener
02/01/2019,26.5,22,72,14,326.5,824.5,215.5,,1501,dimecres,gener
03/01/2019,41,20,97,47,370,741.5,284.5,,1601,dijous,gener
04/01/2019,40.5,25,111,36,370,682.5,282.5,,1547.5,divendres,gener
05/01/2019,48.5,54,174,71,411.5,631,217,,1607,dissabte,gener
06/01/2019,51,31,79,33,281,589,173,,1237,diumenge,gener
07/01/2019,16,6.5,56.5,25.5,111,413.5,92.5,,721.5,dilluns,gener
08/01/2019,14.5,3,28.5,8.5,141,242,69.5,,507,dimarts,gener
09/01/2019,12,10.5,22,9.5,134,321.5,135.5,,645,dimecres,gener
10/01/2019,15.5,8,26,17,128.5,283,81.5,,559.5,dijous,gener
11/01/2019,8.5,5.5,19,8.5,110,345.5,85.5,,582.5,divendres,gener
12/01/2019,76.5,50.5,89,57.5,509.5,672.5,250,,1705.5,dissabte,gener
13/01/2019,98,55.5,244,89,587.5,795,235.5,,2104.5,diumenge,gener
14/01/2019,13,3.5,27,23.5,99.5,545,28.5,,740,dilluns,gener
15/01/2019,16,4,33.5,2,107,486.5,37,,686,dimarts,gener
16/01/2019,13.5,10,28.5,9.5,105.5,496,25,,688,dimecres,gener
17/01/2019,14,8.5,22,20,131.5,405.5,26,,627.5,dijous,gener
18/01/2019,10,8,28.5,18.5,141.5,448,36,,690.5,divendres,gener
19/01/2019,71.5,53,205,77,597.5,1047.5,171.5,,2223,dissabte,gener
20/01/2019,11,9,15,33,92.5,355,14,,529.5,diumenge,gener
21/01/2019,17,10,30,23.5,203.5,643.5,58.5,,986,dilluns,gener
22/01/2019,16,7.5,40.5,12,120.5,458,20,,674.5,dimarts,gener
23/01/2019,12,1.5,17,19,69,323,17,,458.5,dimecres,gener
24/01/2019,16.5,3.5,18,8.5,102,315,8,,471.5,dijous,gener
25/01/2019,12.5,5.5,41.5,12,147,635.5,46.5,,900.5,divendres,gener
26/01/2019,77,64.5,160.5,49.5,625,904,138,,2018.5,dissabte,gener
27/01/2019,96.5,79,268.5,152,768.5,1399.5,218,,2982,diumenge,gener
28/01/2019,16,3.5,46,12.5,126.5,518,87,,809.5,dilluns,gener
29/01/2019,11.5,8.5,18.5,17.5,124,287.5,27.5,,495,dimarts,gener
30/01/2019,10.5,1,50.5,21,136.5,336.5,39,,595,dimecres,gener
31/01/2019,13.5,3.5,47.5,5.5,151,471.5,62.5,,755,dijous,gener
01/02/2019,17,1.5,37,5,102.5,471,25.5,,659.5,divendres,febrer
02/02/2019,51,58.5,170,60.5,458,602,203.5,,1603.5,dissabte,febrer
03/02/2019,103.5,67.5,246.5,109,651,1047.5,130.5,,2355.5,diumenge,febrer
04/02/2019,12.5,5.5,25,19,140,359,54,,615,dilluns,febrer
05/02/2019,14,2,34.5,35,121,633,94,,933.5,dimarts,febrer
06/02/2019,13.5,3,36.5,21,139.5,457,79,,749.5,dimecres,febrer
07/02/2019,25.5,15,28.5,21.5,125,401.5,159,,776,dijous,febrer
08/02/2019,9.5,10,66,28.5,168,425.5,112,,819.5,divendres,febrer
09/02/2019,81.5,42,164,64,658,1017,285,,2311.5,dissabte,febrer
10/02/2019,114.5,199,322.5,190.5,686.5,902,311.5,,2726.5,diumenge,febrer
11/02/2019,9.5,10.5,49,17.5,149.5,332.5,94.5,,663,dilluns,febrer
12/02/2019,14,7,49.5,22.5,161.5,439.5,98,,792,dimarts,febrer
13/02/2019,29,5.5,32.5,24,100,355,108.5,,654.5,dimecres,febrer
14/02/2019,18,8.5,41,9.5,121.5,332.5,120.5,,651.5,dijous,febrer
15/02/2019,13,11,23.5,22,154.5,619,142,,985,divendres,febrer
16/02/2019,101.5,53,201.5,66,656.5,1056.5,282.5,,2417.5,dissabte,febrer
17/02/2019,122,81.5,312.5,129.5,815,1541.5,363,,3365,diumenge,febrer
18/02/2019,20,5.5,37,7,136,435,125.5,,766,dilluns,febrer
19/02/2019,21.5,11.5,32.5,7.5,237.5,471,123,,904.5,dimarts,febrer
20/02/2019,24.5,9,27,17,183,528.5,170.5,,959.5,dimecres,febrer
21/02/2019,18,19.5,101.5,27,238,521,63,,988,dijous,febrer
22/02/2019,23.5,10.5,76,24.5,202.5,604.5,163.5,,1105,divendres,febrer
23/02/2019,75,59,229,89.5,890,1165.5,346.5,,2854.5,dissabte,febrer
24/02/2019,109,97,366.5,107.5,1084.5,1305,411.5,,3481,diumenge,febrer
25/02/2019,10.5,5,26,37.5,123.5,293.5,113.5,,609.5,dilluns,febrer
26/02/2019,19.5,6,47.5,19,114.5,303,110,,619.5,dimarts,febrer
27/02/2019,25,52.5,60.5,7,181,354,101.5,,781.5,dimecres,febrer
28/02/2019,18.5,8,55,18,167.5,550,98,,915,dijous,febrer
01/03/2019,26.5,14.5,52,19.5,225.5,532,179.5,,1049.5,divendres,març
02/03/2019,83.5,61.5,200,73.5,740,964.5,361.5,,2484.5,dissabte,març
03/03/2019,125,64.5,293.5,176.5,773,1339,349,,3120.5,diumenge,març
04/03/2019,19.5,17,66,25,376,479,201,,1183.5,dilluns,març
05/03/2019,16,5.5,37,25.5,223.5,530,125.5,,963,dimarts,març
06/03/2019,11.5,13.5,17.5,30.5,103.5,60.5,54,,291,dimecres,març
07/03/2019,23.5,12.5,57.5,37.5,269.5,622,148.5,,1171,dijous,març
08/03/2019,27,7,43.5,21.5,214,534.5,109.5,,957,divendres,març
09/03/2019,97,70.5,207.5,72.5,731,1275,362,,2815.5,dissabte,març
10/03/2019,103.5,86,343,137,1031.5,1482.5,424.5,,3608,diumenge,març
11/03/2019,15.5,5.5,47.5,8.5,253,493.5,157,,980.5,dilluns,març
12/03/2019,16,3.5,52,20,382,610,201.5,,1285,dimarts,març
13/03/2019,35,8.5,38,37,178.5,590,140,,1027,dimecres,març
14/03/2019,22,6.5,75,33,255.5,678.5,211,,1281.5,dijous,març
15/03/2019,25,7.5,39.5,17.5,259,668,186.5,,1203,divendres,març
16/03/2019,77.5,42,228,79,700.5,1226,325.5,,2678.5,dissabte,març
17/03/2019,188,108.5,289.5,159,1085,1947,308.5,,4085.5,diumenge,març
18/03/2019,16.5,8,36,19,172,591,84,,926.5,dilluns,març
19/03/2019,37,20,62,25.5,248.5,523.5,199,,1115.5,dimarts,març
20/03/2019,28,13,33.5,17,338.5,709,217,,1356,dimecres,març
21/03/2019,37.5,6.5,63.5,15,226.5,686.5,178.5,,1214,dijous,març
22/03/2019,19.5,61.5,69,19.5,385,735.5,194.5,,1484.5,divendres,març
23/03/2019,112.5,89.5,195,87,950,852.5,411,,2697.5,dissabte,març
24/03/2019,134,111,367.5,162,1086.5,1771,517.5,,4149.5,diumenge,març
25/03/2019,31.5,16,43,14.5,259.5,50,193,,607.5,dilluns,març
26/03/2019,18,9,71,13,203.5,44,200,,558.5,dimarts,març
27/03/2019,28,22,57.5,25.5,422,14.5,196,,765.5,dimecres,març
28/03/2019,29.5,19.5,42.5,9,230,608,175.5,,1114,dijous,març
29/03/2019,29,28,57.5,65,396,878,222,,1675.5,divendres,març
30/03/2019,79.5,53.5,223,83,875,1447.5,435.5,,3197,dissabte,març
31/03/2019,77.5,46.5,177.5,62,536.5,1090,222,,2212,diumenge,març
01/04/2019,19,16,21.5,14,207.5,557.5,181.5,,1017,dilluns,abril
02/04/2019,34.5,11.5,57,21.5,326.5,431.5,203.5,,1086,dimarts,abril
03/04/2019,13,10,20,20.5,138,530.5,78.5,,810.5,dimecres,abril
04/04/2019,45.5,16.5,42.5,21.5,331.5,951,178.5,,1587,dijous,abril
05/04/2019,35,8.5,32,2,216.5,640,88,,1022,divendres,abril
06/04/2019,46,30,113.5,46.5,522,1167,242.5,,2167.5,dissabte,abril
07/04/2019,88,56.5,257.5,77,677.5,1067,383,,2606.5,diumenge,abril
08/04/2019,55,19.5,31.5,12.5,311.5,862.5,194.5,,1487,dilluns,abril
09/04/2019,11,13,26,19,288.5,768.5,187.5,,1313.5,dimarts,abril
10/04/2019,47,17,63.5,16,276,527,191,,1137.5,dimecres,abril
11/04/2019,23.5,13,38.5,36.5,451.5,1189.5,351.5,,2104,dijous,abril
12/04/2019,20.5,16,36.5,20,367,942.5,217.5,,1620,divendres,abril
13/04/2019,114,94,186.5,87,937,1886,260,,3564.5,dissabte,abril
14/04/2019,240.5,89,271.5,173.5,1058,1822,370.5,,4025,diumenge,abril
15/04/2019,36,26.5,72.5,17.5,464.5,986,258,,1861,dilluns,abril
16/04/2019,33,21,83.5,36,654.5,1125,357,,2310,dimarts,abril
17/04/2019,36,36,63,66.5,664.5,1094,250,,2210,dimecres,abril
18/04/2019,33,20.5,71.5,53.5,594,951.5,286,,2010,dijous,abril
19/04/2019,104,63.5,233,122.5,1110.5,1966.5,480,,4080,divendres,abril
20/04/2019,77,70.5,193.5,63.5,852.5,1027,299.5,,2583.5,dissabte,abril
21/04/2019,62,28.5,146.5,67.5,779,1412.5,223,,2719,diumenge,abril
22/04/2019,36.5,19,79.5,17.5,599.5,1247,217,,2216,dilluns,abril
23/04/2019,11.5,4.5,22,23,227.5,787.5,117,,1193,dimarts,abril
24/04/2019,25,11,63,32.5,411,878.5,198,,1619,dimecres,abril
25/04/2019,15.5,1,22,8.5,163,517.5,95,,822.5,dijous,abril
26/04/2019,46,29,106,15,493.5,1129.5,296.5,,2115.5,divendres,abril
27/04/2019,104,100,232.5,87.5,818,1465,406.5,,3213.5,dissabte,abril
28/04/2019,112.5,50,282.5,90.5,845.5,1271.5,416,,3068.5,diumenge,abril
29/04/2019,18.5,12,43,21.5,309.5,978,243,,1625.5,dilluns,abril
30/04/2019,31.5,14,37.5,20.5,487.5,868,251,,1710,dimarts,abril
01/05/2019,218,177.5,509,224.5,1519.5,2625,633.5,,5907,dimecres,maig
02/05/2019,18,23.5,40,34,393,1334.5,250,,2093,dijous,maig
03/05/2019,10,4,7,8.5,129,206,52,,416.5,divendres,maig
04/05/2019,165.5,78,268,86.5,1056.5,2556.5,448,,4659,dissabte,maig
05/05/2019,187,99.5,265.5,125.5,1031.5,2035.5,362,,4106.5,diumenge,maig
06/05/2019,17,7,63.5,30,348.5,1110,247.5,,1823.5,dilluns,maig
07/05/2019,19,11,50.5,15.5,292,846,198,,1432,dimarts,maig
08/05/2019,27.5,5.5,56,12.5,271,1087,249,,1708.5,dimecres,maig
09/05/2019,16,18,47,26.5,430.5,1319.5,255.5,,2113,dijous,maig
10/05/2019,38.5,18,72.5,18,394,1154,305,,2000,divendres,maig
11/05/2019,96.5,105.5,208,100,794,1488.5,405,,3197.5,dissabte,maig
12/05/2019,367.5,105.5,378.5,197.5,1142,1196,618,,4005,diumenge,maig
13/05/2019,15,18,37,15,382.5,1111,241,,1819.5,dilluns,maig
14/05/2019,27.5,21,35,14,294,1067.5,207.5,,1666.5,dimarts,maig
15/05/2019,23.5,29,56,33,413,994,255,,1803.5,dimecres,maig
16/05/2019,32.5,30,53.5,37.5,392,1418.5,256.5,,2220.5,dijous,maig
17/05/2019,6.5,3,4.5,3,86,473,85.5,,661.5,divendres,maig
18/05/2019,67.5,38,145.5,61,560,1560,313,,2745,dissabte,maig
19/05/2019,73,91.5,160.5,101,549,997.5,237,,2209.5,diumenge,maig
20/05/2019,22.5,10.5,60.5,25,443.5,1349,360,,2271,dilluns,maig
21/05/2019,27,24,46.5,11.5,320,910.5,216.5,,1556,dimarts,maig
22/05/2019,25.5,23,81.5,25,318,919,192.5,,1584.5,dimecres,maig
23/05/2019,29.5,27,74,26.5,386,959.5,250,,1752.5,dijous,maig
24/05/2019,3,3.5,10.5,3.5,88.5,247,16,,372,divendres,maig
25/05/2019,32.5,18,70.5,39.5,472.5,975,272.5,,1880.5,dissabte,maig
26/05/2019,134.5,84,270,154.5,948,1018,368,,2977,diumenge,maig
27/05/2019,22,10,39,21.5,345.5,1419,268,,2125,dilluns,maig
28/05/2019,32,18.5,51.5,18,275.5,1030.5,192,,1618,dimarts,maig
29/05/2019,21,22.5,80.5,20.5,306.5,1134,236.5,,1821.5,dimecres,maig
30/05/2019,27,16.5,54,25,473,1245,249,,2089.5,dijous,maig
31/05/2019,20.5,26.5,78,8,459.5,1152.5,242,,1987,divendres,maig
01/06/2019,84.5,70,191.5,58,717.5,1381.5,422,,2925,dissabte,juny
02/06/2019,72,95,259.5,101,747.5,1467,396,,3138,diumenge,juny
03/06/2019,24,14.5,32.5,7,306.5,1160,199.5,,1744,dilluns,juny
04/06/2019,32,19.5,55.5,6,389,1046,247,,1795,dimarts,juny
05/06/2019,24,22.5,45,27.5,407.5,1096,240,,1862.5,dimecres,juny
06/06/2019,28.5,24,48,12,391.5,1426.5,230,,2160.5,dijous,juny
07/06/2019,35,25,40,26.5,287.5,1400.5,240,,2054.5,divendres,juny
08/06/2019,58.5,51.5,148,62,753,1439.5,396.5,,2909,dissabte,juny
09/06/2019,81,70,201,72,1038,1677,433,,3572,diumenge,juny
10/06/2019,61,48.5,144,67,784.5,1657.5,424,,3186.5,dilluns,juny
11/06/2019,5.5,1,2,1,91.5,210,45,,356,dimarts,juny
12/06/2019,32,10.5,54,28.5,307.5,1245,248,,1925.5,dimecres,juny
13/06/2019,26.5,21.5,42,25.5,432.5,1184,263.5,,1995.5,dijous,juny
14/06/2019,25.5,19,49,25,278.5,1152,185,,1734,divendres,juny
15/06/2019,86.5,75.5,135.5,52,606,1115.5,360,,2431,dissabte,juny
16/06/2019,86.5,95.5,257.5,106.5,637.5,1476.5,392,,3052,diumenge,juny
17/06/2019,24,27,35,24,393.5,1038,252.5,,1794,dilluns,juny
18/06/2019,37,23.5,69.5,27,361,769.5,224,,1511.5,dimarts,juny
19/06/2019,32,16.5,49,27,330.5,924,230.5,,1609.5,dimecres,juny
20/06/2019,22.5,24,50,26,362,737.5,292,,1514,dijous,juny
21/06/2019,20,12,41.5,34,317.5,1028.5,182,,1635.5,divendres,juny
22/06/2019,54,26,110,36,556,929.5,334.5,,2046,dissabte,juny
23/06/2019,58,37.5,143.5,52.5,488.5,772.5,307,,1859.5,diumenge,juny
24/06/2019,43.5,26.5,69.5,12.5,424,962.5,284,,1822.5,dilluns,juny
25/06/2019,15.5,7.5,39.5,9.5,276.5,615,256,,1219.5,dimarts,juny
26/06/2019,15,10,49,14,212,557,220,,1077,dimecres,juny
27/06/2019,13.5,14.5,36.5,3.5,193,573.5,166.5,,1001,dijous,juny
28/06/2019,5.5,1,4.5,2,14,2.5,4,,33.5,divendres,juny
29/06/2019,2.5,0,3,1,4,4,6.5,,21,dissabte,juny
30/06/2019,8.5,3,0,4.5,7,4.5,9.5,,37,diumenge,juny
01/07/2019,7.5,5.5,15.5,4.5,177,819,215,,1244,dilluns,juliol
02/07/2019,14.5,11.5,32,13,177,736.5,159.5,,1144,dimarts,juliol
03/07/2019,21,10,42.5,13,150,641,164.5,,1042,dimecres,juliol
04/07/2019,14.5,6.5,20,15.5,212.5,849.5,233.5,,1352,dijous,juliol
05/07/2019,9.5,8,33,5.5,201,652.5,207,,1116.5,divendres,juliol
06/07/2019,33,33,63.5,25.5,316.5,558,267,,1296.5,dissabte,juliol
07/07/2019,36,18,78.5,32,350,631,243,,1388.5,diumenge,juliol
08/07/2019,10,9,19,5.5,205,821,199.5,,1269,dilluns,juliol
09/07/2019,22,1,13,9.5,212.5,691.5,154,,1103.5,dimarts,juliol
10/07/2019,21.5,17,35.5,25.5,246,732,239.5,,1317,dimecres,juliol
11/07/2019,60.5,9.5,74,19,236.5,547,237.5,,1184,dijous,juliol
12/07/2019,12,10.5,43.5,9,297,505.5,215,,1092.5,divendres,juliol
13/07/2019,27,39,96.5,15,390.5,557.5,261.5,,1387,dissabte,juliol
14/07/2019,91,52.5,129.5,44,474.5,762,253.5,,1807,diumenge,juliol
15/07/2019,28,10,58.5,12,382,916.5,197.5,,1604.5,dilluns,juliol
16/07/2019,34.5,12,56,9,315.5,688.5,263,,1378.5,dimarts,juliol
17/07/2019,21,16.5,27.5,16,375,709,221,,1386,dimecres,juliol
18/07/2019,25.5,5.5,77,6.5,327.5,391.5,208.5,,1042,dijous,juliol
19/07/2019,21.5,4.5,54,8,334,827.5,234,,1483.5,divendres,juliol
20/07/2019,53.5,32,92,28.5,438,779,256,,1679,dissabte,juliol
21/07/2019,43.5,51,141,50.5,489,730,273,,1778,diumenge,juliol
22/07/2019,14,13,35,8,244,685.5,236,,1235.5,dilluns,juliol
23/07/2019,26,18,39,4,239,774.5,267.5,,1368,dimarts,juliol
24/07/2019,26,7,66,19.5,276.5,465,189.5,,1049.5,dimecres,juliol
25/07/2019,27,14,78,19,235.5,669.5,174,,1217,dijous,juliol
26/07/2019,15.5,13,42.5,9,325.5,512,184,,1101.5,divendres,juliol
27/07/2019,28.5,9.5,46,22,305.5,682,135.5,,1229,dissabte,juliol
28/07/2019,62.5,36.5,185,55.5,726,1534,373.5,,2973,diumenge,juliol
29/07/2019,20.5,22,42,11.5,322.5,1118.5,253.5,,1790.5,dilluns,juliol
30/07/2019,25.5,15,46,21.5,428,1058.5,254,,1848.5,dimarts,juliol
31/07/2019,31,19.5,43,18,484.5,887,286,,1769,dimecres,juliol
01/08/2019,24.5,21,48.5,24,368,586,220,,1292,dijous,agost
02/08/2019,23.5,14.5,26.5,14.5,343,658,227,,1307,divendres,agost
03/08/2019,31.5,42.5,88,32,480,624.5,261.5,,1560,dissabte,agost
04/08/2019,45.5,25.5,91,34.5,443,675.5,225,,1540,diumenge,agost
05/08/2019,16,8,56.5,12.5,302.5,645.5,264.5,,1305.5,dilluns,agost
06/08/2019,24.5,29,66,19,346.5,704.5,262.5,,1452,dimarts,agost
07/08/2019,42,12,86,15.5,623,887,296.5,,1962,dimecres,agost
08/08/2019,26.5,20.5,67,11,374.5,663,335,,1497.5,dijous,agost
09/08/2019,12,16,45,18.5,340,529.5,266,,1227,divendres,agost
10/08/2019,30,23,96.5,25.5,350,589.5,298,,1412.5,dissabte,agost
11/08/2019,49.5,32.5,130,41,503,790,285,,1831,diumenge,agost
12/08/2019,29,7.5,59,4,461,1432,279,,2271.5,dilluns,agost
13/08/2019,42,24.5,75,21,584,1620.5,359.5,,2726.5,dimarts,agost
14/08/2019,32.5,26.5,65.5,17,579,1267,302,,2289.5,dimecres,agost
15/08/2019,48,26.5,150.5,34.5,758,1556,402.5,,2976,dijous,agost
16/08/2019,28,11,53,17.5,640,909,252,,1910.5,divendres,agost
17/08/2019,28.5,28,108,35,608.5,935.5,363.5,,2107,dissabte,agost
18/08/2019,49.5,28.5,122,27.5,511.5,1006.5,321.5,,2067,diumenge,agost
19/08/2019,24.5,24.5,121.5,46,464.5,1355,280.5,,2316.5,dilluns,agost
20/08/2019,33.5,11.5,68,4.5,442.5,1293,284,,2137,dimarts,agost
21/08/2019,45.5,20.5,101.5,35,475,1050,392,,2119.5,dimecres,agost
22/08/2019,30,18.5,93,13,683,1275.5,316,,2429,dijous,agost
23/08/2019,45,21.5,82,44.5,575,1270,280.5,,2318.5,divendres,agost
24/08/2019,50.5,41,104,26,636.5,1012,368,,2238,dissabte,agost
25/08/2019,56,42,111,41,611.5,1076,397.5,,2335,diumenge,agost
26/08/2019,25,17,60.5,14,433,956.5,293,,1799,dilluns,agost
27/08/2019,15,13,36,15.5,178.5,805.5,142,,1205.5,dimarts,agost
28/08/2019,31.5,26.5,80,16,436,1082.5,210,,1882.5,dimecres,agost
29/08/2019,28.5,22.5,117,30,453,926.5,273,,1850.5,dijous,agost
30/08/2019,26.5,11.5,69,14.5,331,981,292.5,,1726,divendres,agost
31/08/2019,55,63,142.5,34,593,849,272,,2008.5,dissabte,agost
01/09/2019,94.5,54.5,182.5,40,547.5,1164.5,315,,2398.5,diumenge,setembre
02/09/2019,23.5,11,49.5,9,354,1159.5,270,,1876.5,dilluns,setembre
03/09/2019,41.5,15.5,57,9.5,424,1107.5,301.5,,1956.5,dimarts,setembre
04/09/2019,27,14.5,88,14.5,452,852.5,268,,1716.5,dimecres,setembre
05/09/2019,24,11,43.5,19,312.5,24,276,,710,dijous,setembre
06/09/2019,24,12.5,91,16.5,412.5,665,249,,1470.5,divendres,setembre
07/09/2019,71,50.5,163,43,872,1425,383,,3007.5,dissabte,setembre
08/09/2019,103.5,65,235,59,783.5,1274,357,,2877,diumenge,setembre
09/09/2019,23.5,16,69.5,7,401,1625.5,288,,2430.5,dilluns,setembre
10/09/2019,5.5,0,7,0,81.5,601.5,112.5,,808,dimarts,setembre
11/09/2019,43,25.5,88.5,34,513.5,1463.5,252,,2420,dimecres,setembre
12/09/2019,34,8,48,12,402,1390.5,246.5,,2141,dijous,setembre
13/09/2019,17,24.5,39.5,14.5,301,1164,288,,1848.5,divendres,setembre
14/09/2019,90.5,58.5,236.5,76,931.5,1403,384.5,,3180.5,dissabte,setembre
15/09/2019,148.5,68,291,84.5,877,1673,384.5,,3526.5,diumenge,setembre
16/09/2019,22,17,36.5,12.5,298.5,1385.5,265.5,,2037.5,dilluns,setembre
17/09/2019,24.5,18,53.5,42.5,332,1148.5,292.5,,1911.5,dimarts,setembre
18/09/2019,20,9,52,12,414.5,1119.5,299,,1926,dimecres,setembre
19/09/2019,23,13.5,42.5,50,485.5,1004.5,274,,1893,dijous,setembre
20/09/2019,21.5,26.5,67.5,13.5,478,1423,271,,2301,divendres,setembre
21/09/2019,24,4,17.5,12.5,269,784.5,96,,1207.5,dissabte,setembre
22/09/2019,146.5,90,259.5,81,920.5,1762,477,,3736.5,diumenge,setembre
23/09/2019,36.5,28,81,25,712.5,1965.5,427.5,,3276,dilluns,setembre
24/09/2019,79,30,147,43.5,683,1732,333,,3047.5,dimarts,setembre
25/09/2019,28.5,15,60.5,17.5,370,1197.5,251.5,,1940.5,dimecres,setembre
26/09/2019,41.5,14,41,15,484.5,1262,256.5,,2114.5,dijous,setembre
27/09/2019,16,15.5,68.5,16,337.5,1668.5,242,,2364,divendres,setembre
28/09/2019,111,63.5,211,59,861.5,1684.5,380,,3370.5,dissabte,setembre
29/09/2019,134,76,314,58,919,1649.5,565.5,,3716,diumenge,setembre
30/09/2019,39,26.5,225,29,494.5,1467.5,328,,2609.5,dilluns,setembre
01/10/2019,30.5,19.5,153,10.5,300.5,1138,282,,1934,dimarts,octubre
02/10/2019,19.5,23,45,13,324,987.5,229.5,,1641.5,dimecres,octubre
03/10/2019,30.5,18,63,12.5,459.5,1291.5,262,,2137,dijous,octubre
04/10/2019,69.5,13.5,40.5,46.5,364,1252.5,202.5,,1989,divendres,octubre
05/10/2019,71.5,71.5,188,47.5,829.5,1339,390.5,,2937.5,dissabte,octubre
06/10/2019,230.5,80.5,253,53,755.5,25,318,,1715.5,diumenge,octubre
07/10/2019,28.5,10,30,15.5,427.5,1597,277,,2385.5,dilluns,octubre
08/10/2019,23,10.5,49,19.5,302,1224,265.5,,1893.5,dimarts,octubre
09/10/2019,10.5,16.5,26.5,9,362,645.5,102.5,,1172.5,dimecres,octubre
10/10/2019,46.5,5,31,8,391,987.5,249.5,,1718.5,dijous,octubre
11/10/2019,28,15.5,59.5,15,427,1202.5,259,,2006.5,divendres,octubre
12/10/2019,132,82,279.5,40.5,1104,1449.5,381,,3468.5,dissabte,octubre
13/10/2019,136,127.5,353,96.5,1091,1545,496,,3845,diumenge,octubre
14/10/2019,33,7,77,3,267,842.5,188,,1417.5,dilluns,octubre
15/10/2019,16,7.5,26.5,7.5,230.5,954.5,189.5,,1432,dimarts,octubre
16/10/2019,26,10,43,6,417,860,225.5,,1587.5,dimecres,octubre
17/10/2019,20,7.5,26.5,14,299.5,795,229.5,,1392,dijous,octubre
18/10/2019,36.5,12.5,48,11.5,242,751.5,49,,1151,divendres,octubre
19/10/2019,103,56,231.5,62,807,1296.5,368,,2924,dissabte,octubre
20/10/2019,54.5,33,70.5,29.5,430,733.5,185,,1536,diumenge,octubre
21/10/2019,9,8,22,3.5,217.5,926,137.5,,1323.5,dilluns,octubre
22/10/2019,11,0.5,3.5,1,61,266,95,,438,dimarts,octubre
23/10/2019,6.5,1,14.5,10,161,8,99,,300,dimecres,octubre
24/10/2019,21,17.5,34.5,22.5,400,129.5,160,,785,dijous,octubre
25/10/2019,19,45.5,72,18,340,161,222,,877.5,divendres,octubre
26/10/2019,108,40,208.5,32.5,683.5,427.5,309,,1809,dissabte,octubre
27/10/2019,129.5,164,343,103.5,1091,32.5,450,,2313.5,diumenge,octubre
28/10/2019,17.5,9,42,31.5,289.5,275.5,182,,847,dilluns,octubre
29/10/2019,70.5,17,86.5,20,341,93,184.5,,812.5,dimarts,octubre
30/10/2019,16.5,16,48,16.5,316.5,418.5,265.5,,1097.5,dimecres,octubre
31/10/2019,59.5,10,42,22.5,271.5,135,184,,724.5,dijous,octubre
01/11/2019,92,91,222,61.5,802.5,171.5,386.5,,1827,divendres,novembre
02/11/2019,130,84,257.5,61.5,1032,94.5,470,,2129.5,dissabte,novembre
03/11/2019,97.5,49,180,58.5,657,355.5,263.5,,1661,diumenge,novembre
04/11/2019,25.5,15,59,35.5,274,636.5,188.5,,1234,dilluns,novembre
05/11/2019,17,3,31,16.5,172,435.5,101.5,,776.5,dimarts,novembre
06/11/2019,19.5,19.5,59,10.5,199,654.5,163,,1125,dimecres,novembre
07/11/2019,18.5,7,27,50,216.5,720,192.5,,1231.5,dijous,novembre
08/11/2019,4,8.5,31,26,231,42,271,,613.5,divendres,novembre
09/11/2019,85,55,198,83.5,705,164,296.5,,1587,dissabte,novembre
10/11/2019,67.5,65,189.5,65.5,570.5,296,237,,1491,diumenge,novembre
11/11/2019,16,5,16.5,7,169.5,184.5,93.5,,492,dilluns,novembre
12/11/2019,29.5,5,28.5,32.5,170.5,65.5,132.5,,464,dimarts,novembre
13/11/2019,6,25,24,21,100.5,312.5,68,,557,dimecres,novembre
14/11/2019,9.5,0.5,8,4.5,82,121.5,104.5,,330.5,dijous,novembre
15/11/2019,20.5,9,45,9,223.5,134,162.5,,603.5,divendres,novembre
16/11/2019,86,53,139,61,548,43,276.5,,1206.5,dissabte,novembre
17/11/2019,85,49.5,230,94,659,13,262.5,,1393,diumenge,novembre
18/11/2019,20.5,3,23,40,126,54.5,106.5,,373.5,dilluns,novembre
19/11/2019,38.5,25,28.5,17,123,143.5,120,,495.5,dimarts,novembre
20/11/2019,14.5,11.5,31,14,200,17,148.5,,436.5,dimecres,novembre
21/11/2019,14,19.5,33.5,30,147,334.5,154.5,,733,dijous,novembre
22/11/2019,8.5,1.5,26,4,122.5,21,38.5,,222,divendres,novembre
23/11/2019,46,26,120,36.5,401.5,781.5,203.5,,1615,dissabte,novembre
24/11/2019,123.5,61.5,328,99.5,777.5,1415,354,,3159,diumenge,novembre
25/11/2019,32.5,9,81.5,12.5,175.5,79.5,104,,494.5,dilluns,novembre
26/11/2019,15,3.5,49.5,8.5,124,252,82,,534.5,dimarts,novembre
27/11/2019,25.5,12,59,11,131,324,121.5,,684,dimecres,novembre
28/11/2019,42.5,6.5,33,14,111,452.5,123.5,,783,dijous,novembre
29/11/2019,36,9.5,34,9.5,189,578,163,,1019,divendres,novembre
30/11/2019,68.5,43.5,213.5,63,512,898.5,261,,2060,dissabte,novembre
01/12/2019,97,31.5,222,84.5,532.5,922,271,,2160.5,diumenge,desembre
02/12/2019,17.5,5,34.5,14.5,141,435.5,121.5,,769.5,dilluns,desembre
03/12/2019,12.5,7,48.5,11.5,102.5,300,88,,570,dimarts,desembre
04/12/2019,1,2.5,1.5,1,6.5,12,7,,31.5,dimecres,desembre
05/12/2019,1,3,6.5,2.5,72,141,35.5,,261.5,dijous,desembre
06/12/2019,94,49.5,171.5,95,529.5,1423.5,282.5,,2645.5,divendres,desembre
07/12/2019,95,77.5,269,63,679.5,1256.5,379.5,,2820,dissabte,desembre
08/12/2019,84,72.5,208.5,63,569.5,717.5,206,,1921,diumenge,desembre
09/12/2019,11,6,38,40.5,144.5,298.5,85,,623.5,dilluns,desembre
10/12/2019,19.5,11,46,21.5,115.5,67,92,,372.5,dimarts,desembre
11/12/2019,11.5,5.5,29.5,2.5,109.5,297.5,67.5,,523.5,dimecres,desembre
12/12/2019,20,8,50.5,44,104.5,326,56.5,,609.5,dijous,desembre
13/12/2019,24.5,9,20.5,4,81.5,327.5,62.5,,529.5,divendres,desembre
14/12/2019,86.5,24,150.5,30.5,413,633.5,226,,1564,dissabte,desembre
15/12/2019,133,39,176.5,89.5,576.5,914,253.5,,2182,diumenge,desembre
16/12/2019,12.5,4,16.5,11,115.5,342.5,57,,559,dilluns,desembre
17/12/2019,27.5,7.5,12.5,5,134.5,285,80,,552,dimarts,desembre
18/12/2019,29.5,2.5,29,18.5,115.5,328.5,90.5,,614,dimecres,desembre
19/12/2019,33.5,11.5,32.5,23.5,158,301,93,,653,dijous,desembre
20/12/2019,34.5,0,11,2,44.5,214.5,43,,349.5,divendres,desembre
21/12/2019,138.5,20.5,96,34,429.5,176,181.5,,1076,dissabte,desembre
22/12/2019,22.5,47.5,171,50,480,208,294,,1273,diumenge,desembre
23/12/2019,15.5,22,66,52,391.5,189,218,,954,dilluns,desembre
24/12/2019,16,27,100.5,32,400.5,125.5,241,,942.5,dimarts,desembre
25/12/2019,18.5,18,65,28,439,173,102,,843.5,dimecres,desembre
26/12/2019,28.5,42.5,190,92.5,848.5,558,297,,2057,dijous,desembre
27/12/2019,41.5,40,118.5,40,762.5,175.5,365,,1543,divendres,desembre
28/12/2019,47.5,59,269,74.5,972.5,243,409,,2074.5,dissabte,desembre
29/12/2019,109.5,66.5,238,98.5,1161.5,343,478,,2495,diumenge,desembre
30/12/2019,37.5,34.5,97.5,37.5,687,226,346,,1466,dilluns,desembre
31/12/2019,219,18.5,71.5,68,485,197,312,,1371,dimarts,desembre
01/01/2020,32,25.5,128,46.5,742.5,231,311.5,,1517,dimecres,gener
02/01/2020,33.5,20,91.5,46.5,536.5,368.5,250,,1346.5,dijous,gener
03/01/2020,23,13,135,53,479.5,537.5,326,,1567,divendres,gener
04/01/2020,59.5,72.5,202.5,100,860,748,374,,2416.5,dissabte,gener
05/01/2020,69.5,55,196.5,79.5,668,488,284.5,,1841,diumenge,gener
06/01/2020,46.5,26,78,45,406.5,525.5,209,,1336.5,dilluns,gener
07/01/2020,22,13,42,14,171.5,289.5,145,,697,dimarts,gener
08/01/2020,20.5,6,39.5,13,181,118.5,171.5,,550,dimecres,gener
09/01/2020,25,9,39,8,216,51,193.5,,541.5,dijous,gener
10/01/2020,38,1,4.5,2,54.5,40,98.5,,238.5,divendres,gener
11/01/2020,287,43,229,82.5,568.5,301,324,,1835,dissabte,gener
12/01/2020,106.5,81.5,344,109,845,591.5,268,,2345.5,diumenge,gener
13/01/2020,18.5,4,39,8.5,250,367,18.5,,705.5,dilluns,gener
14/01/2020,61.5,9.5,28,17.5,199.5,392.5,19.5,,728,dimarts,gener
15/01/2020,151.5,24.5,11.5,39,193.5,386.5,29,,835.5,dimecres,gener
16/01/2020,129.5,8,229,14.5,216,317.5,45,,959.5,dijous,gener
17/01/2020,25,19,344,11,265.5,400.5,36,,1101,divendres,gener
18/01/2020,161.5,38,39,81,705,900.5,130.5,,2055.5,dissabte,gener
19/01/2020,35,14.5,28,32,209.5,273.5,42,,634.5,diumenge,gener
20/01/2020,13,2.5,37.5,0,59.5,84,8.5,,205,dilluns,gener
21/01/2020,21,0.5,0,0,8,0,0,,29.5,dimarts,gener
22/01/2020,60.5,0,0,0,21,43.5,1,,126,dimecres,gener
23/01/2020,4,0.5,0,4,85.5,115.5,3.5,,213,dijous,gener
24/01/2020,8.5,6,0,26,212,505,39,,796.5,divendres,gener
25/01/2020,34,23,0,99.5,486,417.5,97,,1157,dissabte,gener
26/01/2020,65,67,0,92,925.5,949.5,177,,2276,diumenge,gener
27/01/2020,8.5,9,0,16,262.5,350,53,,699,dilluns,gener
28/01/2020,7.5,6.5,0,14,334.5,182.5,35,,580,dimarts,gener
29/01/2020,40,13,0,20,183,380,30.5,,666.5,dimecres,gener
30/01/2020,100.5,11,0,13,252.5,331.5,41.5,,750,dijous,gener
31/01/2020,15,12,0,16,332.5,475.5,51.5,,902.5,divendres,gener
01/02/2020,62.5,43,0,79.5,703.5,748,275,,1911.5,dissabte,febrer
02/02/2020,96.5,206,0,117,993.5,1111,500,,3024,diumenge,febrer
03/02/2020,26.5,7.5,0,8.5,259,218,106.5,,626,dilluns,febrer
04/02/2020,15,8.5,0,15.5,287.5,56.5,107.5,,490.5,dimarts,febrer
05/02/2020,10,6.5,0,18,221.5,48.5,102,,406.5,dimecres,febrer
06/02/2020,15.5,5.5,0,20,235.5,8.5,99,,384,dijous,febrer
07/02/2020,24,14,0,21,283.5,57,97,,496.5,divendres,febrer
08/02/2020,60,78,0,68.5,916,610.5,244.5,,1977.5,dissabte,febrer
09/02/2020,100,58.5,0,75.5,962.5,790.5,326.5,,2313.5,diumenge,febrer
10/02/2020,11,7.5,0,9,248,21.5,95.5,,392.5,dilluns,febrer
11/02/2020,12.5,5,0,20.5,183.5,7.5,138,,367,dimarts,febrer
12/02/2020,3.5,12.5,0,5,79.5,0,7,,107.5,dimecres,febrer
13/02/2020,10,11.5,0,17,238,4,165,,445.5,dijous,febrer
14/02/2020,8,9,0,24.5,205.5,0,130.5,,377.5,divendres,febrer
15/02/2020,53.5,53,0,61.5,951,710,290,,2119,dissabte,febrer
16/02/2020,75,92.5,0,110,1071.5,528,361,,2238,diumenge,febrer
17/02/2020,9.5,5,0,19,245.5,25,121,,425,dilluns,febrer
18/02/2020,19.5,17,0,11.5,207,4,156,,415,dimarts,febrer
19/02/2020,20,9,31,19,344,0.5,229,,652.5,dimecres,febrer
20/02/2020,31.5,8,36,62.5,388,21.5,180,,727.5,dijous,febrer
21/02/2020,56.5,34,80.5,48.5,426,5.5,195,,846,divendres,febrer
22/02/2020,97,56,189,95,991.5,600.5,388.5,,2417.5,dissabte,febrer
23/02/2020,96,89.5,320.5,133.5,1051,938,355,,2983.5,diumenge,febrer
24/02/2020,17.5,17.5,84,38.5,436.5,83,222,,899,dilluns,febrer
25/02/2020,14.5,4.5,52.5,15.5,216,75,160.5,,538.5,dimarts,febrer
26/02/2020,13.5,16,35,16.5,216,106,89.5,,492.5,dimecres,febrer
27/02/2020,9,9.5,34.5,15.5,210.5,56.5,171.5,,507,dijous,febrer
28/02/2020,14,10.5,22,15.5,283.5,241,97.5,,684,divendres,febrer
29/02/2020,54,52.5,190.5,151,881.5,1084,274.5,,2688,dissabte,febrer
01/03/2020,95,112.5,282,128,882.5,1073,240,,2813,diumenge,març
02/03/2020,7.5,5.5,10.5,6,88,219,64.5,,401,dilluns,març
03/03/2020,18.5,3.5,34.5,12.5,155.5,346.5,106.5,,677.5,dimarts,març
04/03/2020,22.5,4,28,16.5,188.5,425,138.5,,823,dimecres,març
05/03/2020,148.5,10,44,31.5,251.5,322.5,113.5,445,1366.5,dijous,març
06/03/2020,150,7,72.5,24,240.5,435,152.5,65.5,1147,divendres,març
07/03/2020,272,57.5,218.5,120,710.5,853.5,251,603,3086,dissabte,març
08/03/2020,485.5,53.5,347.5,150,823,1161,247,657.5,3925,diumenge,març
09/03/2020,7,4.5,39.5,12,221,376,156.5,73.5,890,dilluns,març
10/03/2020,18.5,16.5,37.5,23.5,290.5,652,213.5,87.5,1339.5,dimarts,març
11/03/2020,42.5,6.5,39,40,320,669,151,172,1440,dimecres,març
12/03/2020,9,12,65,5,183,227,85,61.5,647.5,dijous,març
13/03/2020,18,11,62,35,121,263.5,74.5,50,635,divendres,març
14/03/2020,35.5,21,112.5,62,215,189,47,83.5,765.5,dissabte,març
15/03/2020,20,7.5,38,27.5,54,87.5,7,30.5,272,diumenge,març
16/03/2020,0.5,0.5,1.5,0,0.5,1,0,0.5,4.5,dilluns,març
17/03/2020,3,0,6.5,2,1,1,2.5,0.5,16.5,dimarts,març
18/03/2020,7.5,0,3.5,9,3.5,0.5,2.5,1,27.5,dimecres,març
19/03/2020,3,0,0.5,5,1,0.5,1.5,0,11.5,dijous,març
20/03/2020,2.5,1.5,2,1.5,0,3.5,1,0,12,divendres,març
21/03/2020,2,1,0,4,1,8.5,0,18,34.5,dissabte,març
22/03/2020,3,0,1,2,0,4,0.5,0.5,11,diumenge,març
23/03/2020,1,0,1,0,0,0,0,2.5,4.5,dilluns,març
24/03/2020,0.5,0.5,0.5,7,0,3,3.5,0,15,dimarts,març
25/03/2020,1.5,2,1.5,0,0,2,0,3.5,10.5,dimecres,març
26/03/2020,2.5,0.5,0,0,1,2.5,0,0,6.5,dijous,març
27/03/2020,0.5,1,0,0,0,0,2,4,7.5,divendres,març
28/03/2020,3.5,0,0,0,1.5,0,0,4,9,dissabte,març
29/03/2020,4,0.5,0,1,0,0,0,3.5,9,diumenge,març
30/03/2020,0.5,0,0,2,0,0,0.5,0.5,3.5,dilluns,març
31/03/2020,1,0,0.5,1,0,0,0,4.5,7,dimarts,març
01/04/2020,1,0,0,0,1,0,1.5,2.5,6,dimecres,abril
02/04/2020,3.5,0.5,0,3.5,0,1,0,0.5,9,dijous,abril
03/04/2020,6.5,0,1,2,0,14,0,0,23.5,divendres,abril
04/04/2020,1.5,1.5,2,0,0,0,0,2,7,dissabte,abril
05/04/2020,1,0.5,0,0,0.5,0,0.5,1.5,4,diumenge,abril
06/04/2020,2.5,0,0,0,2,0,0,0,4.5,dilluns,abril
07/04/2020,1,0,0.5,0,1,0,2,5.5,10,dimarts,abril
08/04/2020,0.5,0,1,0,2,0,0,3,6.5,dimecres,abril
09/04/2020,0,0,0.5,0.5,1.5,2.5,2.5,11,18.5,dijous,abril
10/04/2020,0.5,0,0.5,1,0,3.5,0,2,7.5,divendres,abril
11/04/2020,3,0,0.5,1,7,10.5,0.5,1.5,24,dissabte,abril
12/04/2020,0.5,0,0,0,0,0,0,3,3.5,diumenge,abril
13/04/2020,0,0.5,0,0,0,0,0,0,0.5,dilluns,abril
14/04/2020,0.5,1.5,0,0.5,1,2,0,2,7.5,dimarts,abril
15/04/2020,2,2,0,0,4,1,2,0,11,dimecres,abril
16/04/2020,5,11.5,0,1.5,0.5,1,0,5,24.5,dijous,abril
17/04/2020,0.5,1.5,0,0,0,0,2.5,10,14.5,divendres,abril
18/04/2020,1.5,0,0,3,2,0,0.5,15,22,dissabte,abril
19/04/2020,1.5,0,0,1,0,0,0,20,22.5,diumenge,abril
20/04/2020,1,2.5,0,0,0,2,1.5,5,12,dilluns,abril
21/04/2020,0,8.5,0,1,1.5,0,0,3,14,dimarts,abril
22/04/2020,3,2.5,0.5,0,0,1,0,7,14,dimecres,abril
23/04/2020,7.5,7.5,0,0,2,1,1,8,27,dijous,abril
24/04/2020,3.5,0,0,6.5,1,0,0.5,10,21.5,divendres,abril
25/04/2020,3.5,2,0,0.5,1.5,0,0,15,22.5,dissabte,abril
26/04/2020,2,0.5,1.5,0,0,4.5,0,20,28.5,diumenge,abril
27/04/2020,7,0.5,1.5,1,0,3,0,7,20,dilluns,abril
28/04/2020,5.5,0,0,1.5,1,0,0,4,12,dimarts,abril
29/04/2020,6,2,1,0.5,2,5,0.5,4,21,dimecres,abril
30/04/2020,8,1,0,1,0,7,0,3,20,dijous,abril
01/05/2020,10.5,2,2,0,0.5,3,0,4.5,22.5,divendres,maig
02/05/2020,44.5,1,3.5,16.5,5,7,3,26,106.5,dissabte,maig
03/05/2020,28,0.5,4,25,7.5,6.5,8,31,110.5,diumenge,maig
04/05/2020,15.5,2.5,3.5,15,2.5,2,2.5,3.5,47,dilluns,maig
05/05/2020,50,0,1,13.5,3.5,6.5,1.5,6,82,dimarts,maig
06/05/2020,50,2,2.5,13,4.5,2,0,1.5,75.5,dimecres,maig
07/05/2020,62,0.5,8,13,2.5,6.5,1.5,3,97,dijous,maig
08/05/2020,37.5,0,1.5,12,3,5,4,7.5,70.5,divendres,maig
09/05/2020,33,2.5,8.5,33.5,8,7,9,17.5,119,dissabte,maig
10/05/2020,68,0.5,1,0.5,2.5,4.5,3.5,6,86.5,diumenge,maig
11/05/2020,14.5,0,2.5,19.5,0.5,1,2.5,5,45.5,dilluns,maig
12/05/2020,29,0,2.5,15,3,4,4,10,67.5,dimarts,maig
13/05/2020,27,0.5,5,14,6.5,3.5,5.5,6,68,dimecres,maig
14/05/2020,6,0,5,4,2,3,1.5,7.5,29,dijous,maig
15/05/2020,16.5,0,4,7.5,4.5,1.5,0.5,27.5,62,divendres,maig
16/05/2020,12,0.5,5,16.5,1.5,2.5,0,82,120,dissabte,maig
17/05/2020,35.5,2,7.5,37.5,14.5,11.5,8,107,223.5,diumenge,maig
18/05/2020,18,8.5,8,26,18,10.5,3.5,6,98.5,dilluns,maig
19/05/2020,35.5,7.5,15.5,20.5,14.5,10,7.5,7.5,118.5,dimarts,maig
20/05/2020,25.5,12,18,13,21.5,11,12,10,123,dimecres,maig
21/05/2020,28.5,2,17,12,9.5,10,7,6,92,dijous,maig
22/05/2020,49.5,9.5,16.5,15,20,12.5,10.5,32.5,166,divendres,maig
23/05/2020,92,5.5,38.5,42,30,6.5,20.5,51,286,dissabte,maig
24/05/2020,49.5,23,49,41,28,15.5,13.5,72.5,292,diumenge,maig
25/05/2020,21,3.5,18.5,14,9,9.5,3,7,85.5,dilluns,maig
26/05/2020,27,3.5,22,24,19,8,12.5,9,125,dimarts,maig
27/05/2020,28,5,45.5,29.5,13,4.5,12,7,144.5,dimecres,maig
28/05/2020,28,10,33.5,13,17.5,6.5,10,10,128.5,dijous,maig
29/05/2020,26,5,41,13.5,18.5,2.5,2.5,37.5,146.5,divendres,maig
30/05/2020,46,17.5,80.5,60.5,58.5,84.5,32.5,57.5,437.5,dissabte,maig
31/05/2020,57,34,120,101,70.5,54,23,113.5,573,diumenge,maig
01/06/2020,46,25,108,71.5,66.5,12.5,28,46.5,404,dilluns,juny
02/06/2020,20.5,12,60,27,42.5,9,10.5,24,205.5,dimarts,juny
03/06/2020,19.5,15,55,15,33.5,14.5,11.5,33,197,dimecres,juny
04/06/2020,11.5,6,16.5,9.5,7,20,8,11,89.5,dijous,juny
05/06/2020,31.5,17,128,68.5,73,38.5,23.5,106.5,486.5,divendres,juny
06/06/2020,74,64,267,156.5,249.5,153.5,89,282.5,1336,dissabte,juny
07/06/2020,13,7,47.5,40.5,36.5,33.5,14,44.5,236.5,diumenge,juny
08/06/2020,19,5,35.5,16,36.5,14.5,6,15.5,148,dilluns,juny
09/06/2020,20,7,69.5,26,40,33.5,22,29.5,247.5,dimarts,juny
10/06/2020,27,13,108,42.5,60,44,19,46.5,360,dimecres,juny
11/06/2020,18,3.5,45.5,39.5,20.5,26.5,29,15.5,198,dijous,juny
12/06/2020,31,24,124,70.5,89.5,102.5,31,81.5,554,divendres,juny
13/06/2020,98,119.5,458.5,242,375,294,159,311,2057,dissabte,juny
14/06/2020,135,125,498,204,514,381,136,334,2327,diumenge,juny
15/06/2020,24.5,22.5,134.5,40,111.5,83,16.5,43,475.5,dilluns,juny
16/06/2020,13.5,3,17.5,8,25.5,26,10.5,15,119,dimarts,juny
17/06/2020,32,25.5,115.5,44.5,159,112.5,38,86,613,dimecres,juny
18/06/2020,16.5,8,49.5,18,41,70.5,10,36,249.5,dijous,juny
19/06/2020,28,37,127,41,177,163.5,50.5,105.5,729.5,divendres,juny
20/06/2020,56,82,379,116,671,711,196,255,2466,dissabte,juny
21/06/2020,73,81,447,124.5,822,835.5,210.5,315,2908.5,diumenge,juny
22/06/2020,32,28,94,29.5,170,113,42,64,572.5,dilluns,juny
23/06/2020,15,16,68,24.5,177.5,107,39.5,78,525.5,dimarts,juny
24/06/2020,28,72.5,178.5,54,452,461.5,146.5,202,1595,dimecres,juny
25/06/2020,18,28,74.5,23,189.5,163.5,68.5,112.5,677.5,dijous,juny
26/06/2020,30,22.5,76,18.5,201,144.5,83.5,91.5,667.5,divendres,juny
27/06/2020,52,67.5,241,100.5,547.5,509.5,225,299,2042,dissabte,juny
28/06/2020,80,91.5,299.5,98,680.5,562,250,327.5,2389,diumenge,juny
29/06/2020,8,15,63,26.5,166.5,147.5,57.5,47.5,531.5,dilluns,juny
30/06/2020,21,13,105,30.5,163,153.5,39,67,592,dimarts,juny
01/07/2020,24.5,29,62.5,23.5,161,117.5,27,102,547,dimecres,juliol
02/07/2020,19.5,28,92.5,17,158,98,31.5,89,533.5,dijous,juliol
03/07/2020,20,22.5,79.5,25,147.5,203,77.5,53,628,divendres,juliol
04/07/2020,44.5,45,282.5,67,526.5,595,245,314.5,2120,dissabte,juliol
05/07/2020,62.5,80,290,68.5,606,550.5,217,260.5,2135,diumenge,juliol
06/07/2020,17.5,15,60.5,14,170,133,90.5,68,568.5,dilluns,juliol
07/07/2020,24,29,77.5,23.5,224.5,212,73,62,725.5,dimarts,juliol
08/07/2020,11.5,27,96.5,10,249.5,223,122,113,852.5,dimecres,juliol
09/07/2020,12.5,27.5,100,23.5,170,162.5,80.5,80.5,657,dijous,juliol
10/07/2020,19.5,30,87,23.5,213.5,196.5,64,111,745,divendres,juliol
11/07/2020,49,71,236.5,62,532,414,96.5,205,1666,dissabte,juliol
12/07/2020,54,109.5,245,81.5,731,662.5,119,273.5,2276,diumenge,juliol
13/07/2020,8,12.5,79,13.5,146,140.5,64,75.5,539,dilluns,juliol
14/07/2020,21,25.5,78.5,26,279.5,219.5,122.5,126.5,899,dimarts,juliol
15/07/2020,24.5,20,113.5,19.5,234,209.5,81.5,83.5,786,dimecres,juliol
16/07/2020,19.5,8.5,80,40.5,228.5,185,65.5,53,680.5,dijous,juliol
17/07/2020,20,14.5,72,17,245.5,170.5,103,97,739.5,divendres,juliol
18/07/2020,51,78,244,78,527,205.5,198,229.5,1611,dissabte,juliol
19/07/2020,46,84.5,262.5,61.5,508,9,190.5,234.5,1396.5,diumenge,juliol
20/07/2020,13.5,15.5,84.5,35,159,206,62.5,46.5,622.5,dilluns,juliol
21/07/2020,12,28,115.5,13,199,134.5,62,142.5,706.5,dimarts,juliol
22/07/2020,14,40,166,46.5,221.5,153,105.5,82,828.5,dimecres,juliol
23/07/2020,26,29.5,104.5,30.5,185.5,118.5,97.5,141.5,733.5,dijous,juliol
24/07/2020,17,19,97,21,139,143.5,89.5,118,644,divendres,juliol
25/07/2020,41.5,65,244.5,53.5,504.5,503,235,200,1847,dissabte,juliol
26/07/2020,41.5,77.5,270,69,492.5,427.5,231.5,241.5,1851,diumenge,juliol
27/07/2020,13.5,13,63,16,115.5,118,79.5,87.5,506,dilluns,juliol
28/07/2020,29.5,23,80,16,175,111,89,79.5,603,dimarts,juliol
29/07/2020,17.5,35.5,97,7.5,159,119.5,105.5,101,642.5,dimecres,juliol
30/07/2020,18.5,10,82,7.5,189.5,99.5,71,74,552,dijous,juliol
31/07/2020,10,25,58,15.5,128,69,64,43.5,413,divendres,juliol
01/08/2020,33.5,36,148.5,26.5,329,211,169,185,1138.5,dissabte,agost
02/08/2020,27,50.5,177.5,39,399,302.5,147.5,183,1326,diumenge,agost
03/08/2020,14,19.5,86.5,16.5,261.5,235,128,57,818,dilluns,agost
04/08/2020,21,32.5,165.5,15.5,350,361,146.5,101,1193,dimarts,agost
05/08/2020,21,29.5,163.5,22.5,265,291,110,110.5,1013,dimecres,agost
06/08/2020,22.5,25.5,114.5,20.5,317,272.5,117,122.5,1012,dijous,agost
07/08/2020,17,19,74,13,183.5,147.5,122.5,167.5,744,divendres,agost
08/08/2020,36,28,142.5,35,393,307.5,188.5,175.5,1306,dissabte,agost
09/08/2020,32.5,64.5,197.5,39,365.5,273.5,172,169,1313.5,diumenge,agost
10/08/2020,18,14.5,104,26.5,273.5,165.5,133,79,814,dilluns,agost
11/08/2020,22,33.5,120,29.5,361,253.5,172.5,123.5,1115.5,dimarts,agost
12/08/2020,24.5,23,160,49.5,334.5,322.5,155,109,1178,dimecres,agost
13/08/2020,17,10.5,107.5,24.5,223.5,227.5,145,69.5,825,dijous,agost
14/08/2020,18,28,122,11,281.5,409.5,113.5,105.5,1089,divendres,agost
15/08/2020,30.5,33,184,48,554.5,591,242.5,145.5,1829,dissabte,agost
16/08/2020,18.5,62,182.5,43.5,587.5,584,212.5,197,1887.5,diumenge,agost
17/08/2020,20.5,37.5,117,18,310.5,431.5,112.5,121,1168.5,dilluns,agost
18/08/2020,23.5,36,176,28,458.5,595,187.5,135.5,1640,dimarts,agost
19/08/2020,22.5,16.5,195,22.5,374,499.5,174,124,1428,dimecres,agost
20/08/2020,34.5,18,146,18.5,265.5,394.5,164,111,1152,dijous,agost
21/08/2020,18.5,29,144.5,30,309,367.5,154.5,87.5,1140.5,divendres,agost
22/08/2020,31.5,41.5,193,57.5,447.5,619.5,217.5,194,1802,dissabte,agost
23/08/2020,36,54,270,44,536,713.5,195,205,2053.5,diumenge,agost
24/08/2020,16.5,17,120,16.5,247.5,454.5,122.5,59,1053.5,dilluns,agost
25/08/2020,21,32.5,144.5,31,341,399,174,101.5,1244.5,dimarts,agost
26/08/2020,32.5,20,119,29.5,327.5,335.5,156,96,1116,dimecres,agost
27/08/2020,18.5,30.5,124,38,337,404.5,161.5,106,1220,dijous,agost
28/08/2020,17.5,13,104,15,284,420,168,73,1094.5,divendres,agost
29/08/2020,8,5.5,48.5,10,244.5,328,47.5,41,733,dissabte,agost
30/08/2020,73.5,75,345,91.5,720,928.5,244.5,311.5,2789.5,diumenge,agost
31/08/2020,27.5,20.5,149.5,36.5,376,430.5,124.5,126.5,1291.5,dilluns,agost
01/09/2020,16.5,29.5,136.5,35.5,235,185.5,78,96.5,813,dimarts,setembre
02/09/2020,19.5,29,110,45.5,256,283.5,100,65,908.5,dimecres,setembre
03/09/2020,17,23.5,129,23.5,286,271.5,128.5,116.5,995.5,dijous,setembre
04/09/2020,11.5,11,126.5,15,245,270.5,101,54,834.5,divendres,setembre
05/09/2020,44.5,53,377.5,71,844,879,341,355.5,2965.5,dissabte,setembre
06/09/2020,91.5,121,590,101,998.5,1107,352.5,496.5,3858,diumenge,setembre
07/09/2020,13,18,58,4,163,188.5,65,61.5,571,dilluns,setembre
08/09/2020,22.5,13.5,85,21.5,261.5,326.5,105,73,908.5,dimarts,setembre
09/09/2020,4,7.5,16.5,3,35.5,87,19,20.5,193,dimecres,setembre
10/09/2020,14.5,18.5,70,13,212.5,290.5,104,89,812,dijous,setembre
11/09/2020,88.5,110.5,483.5,108,1211.5,1701.5,398.5,504,4606,divendres,setembre
12/09/2020,43,79,396.5,78.5,969,1545.5,371,394,3876.5,dissabte,setembre
13/09/2020,75.5,98,429.5,66.5,932,1218,309.5,330.5,3459.5,diumenge,setembre
14/09/2020,12.5,18,47.5,7,140.5,189.5,55,53.5,523.5,dilluns,setembre
15/09/2020,18.5,24,86.5,14.5,158.5,193.5,52,58,605.5,dimarts,setembre
16/09/2020,25,34,102.5,15.5,174.5,187.5,89.5,63.5,692,dimecres,setembre
17/09/2020,18,16.5,99,17.5,182,196.5,86.5,53.5,669.5,dijous,setembre
18/09/2020,11.5,11,23,12.5,108,102.5,39.5,37.5,345.5,divendres,setembre
19/09/2020,31.5,30,200,55.5,411.5,662,166,207.5,1764,dissabte,setembre
20/09/2020,91,140,643.5,141,1172.5,1363.5,466.5,599,4617,diumenge,setembre
21/09/2020,4.5,16,23,8.5,69.5,90,37,26.5,275,dilluns,setembre
22/09/2020,12.5,37.5,75.5,62,161,165.5,60,57.5,631.5,dimarts,setembre
23/09/2020,15.5,28,109,17,200.5,204,123,52,749,dimecres,setembre
24/09/2020,46.5,38,265.5,53.5,649.5,700,229.5,278.5,2261,dijous,setembre
25/09/2020,17,29.5,117,39,184.5,262.5,104,136,889.5,divendres,setembre
26/09/2020,109,100.5,399.5,103,976,1100.5,331,473,3592.5,dissabte,setembre
27/09/2020,105.5,102.5,584,159.5,1095.5,1275,355,581.5,4258.5,diumenge,setembre
28/09/2020,7.5,14,58,17,161.5,162,44.5,65,529.5,dilluns,setembre
29/09/2020,14,25,91,21.5,170,126.5,71.5,58.5,578,dimarts,setembre
30/09/2020,33,28.5,100.5,57,141,174.5,65,51.5,651,dimecres,setembre
01/10/2020,22.5,13.5,99,15.5,209,181,101,51,692.5,dijous,octubre
02/10/2020,4.5,2.5,12,8,23.5,21.5,5,12,89,divendres,octubre
03/10/2020,58.5,75.5,226.5,107,746,835,237,395,2680.5,dissabte,octubre
04/10/2020,95,112,616.5,134.5,1067.5,1361,321,649.5,4357,diumenge,octubre
05/10/2020,18,18,66,15,120.5,227.5,64,60,589,dilluns,octubre
06/10/2020,17,23,81,17.5,164,183,58,56,599.5,dimarts,octubre
07/10/2020,15.5,16,66.5,16,135.5,203,83,54,589.5,dimecres,octubre
08/10/2020,14,14.5,70.5,14.5,74,122,48.5,37.5,395.5,dijous,octubre
09/10/2020,73.5,41.5,99.5,10.5,231.5,255.5,88,112,912,divendres,octubre
10/10/2020,26,9,73.5,18.5,227,289.5,61.5,63.5,768.5,dissabte,octubre
11/10/2020,117,125.5,610.5,138,1149.5,1809.5,415.5,738,5103.5,diumenge,octubre
12/10/2020,119.5,101.5,735,152.5,1421,1786.5,447,874,5637,dilluns,octubre
13/10/2020,9.5,11.5,57,8,130,117.5,65.5,50,449,dimarts,octubre
14/10/2020,3.5,26.5,42.5,8,66.5,7.5,31,36.5,222,dimecres,octubre
15/10/2020,18.5,17.5,65.5,17,131,162.5,44,58,514,dijous,octubre
16/10/2020,18,20.5,101,21.5,144,112.5,55.5,85.5,558.5,divendres,octubre
17/10/2020,87,110,500,114,1073,1131.5,314.5,638.5,3968.5,dissabte,octubre
18/10/2020,112,159.5,678,166.5,1385.5,1506.5,394.5,757,5159.5,diumenge,octubre
19/10/2020,17.5,6,56,17.5,129.5,45,43.5,56,371,dilluns,octubre
20/10/2020,15,21.5,60,19.5,178,105.5,51.5,55,506,dimarts,octubre
21/10/2020,13.5,20,88,29.5,136,108,47.5,51,493.5,dimecres,octubre
22/10/2020,8.5,2.5,53.5,18,80.5,111.5,26,62,362.5,dijous,octubre
23/10/2020,13,16,96,21,264,214,84.5,45.5,754,divendres,octubre
24/10/2020,74.5,95.5,435,101.5,1004,983.5,297,618.5,3609.5,dissabte,octubre
25/10/2020,114,124,615.5,147,1160,1149.5,294.5,718,4322.5,diumenge,octubre
26/10/2020,16.5,13.5,46.5,8,153,158.5,70.5,47.5,514,dilluns,octubre
27/10/2020,23,13,63,14,183,150.5,82,33.5,562,dimarts,octubre
28/10/2020,17.5,20,99.5,20.5,161.5,188,79.5,75,661.5,dimecres,octubre
29/10/2020,37.5,26.5,115,36.5,204,183,56,98,756.5,dijous,octubre
30/10/2020,17,2.5,23.5,18,13.5,34.5,13,11.5,133.5,divendres,octubre
31/10/2020,56.5,6.5,24,58.5,36,73,19.5,60.5,334.5,dissabte,octubre
01/11/2020,43,12.5,19.5,35,39,47,11.5,39,246.5,diumenge,novembre
02/11/2020,18,28,164,33.5,227.5,232,107,108,918,dilluns,novembre
03/11/2020,9.5,30,51.5,23,97.5,130,36.5,33.5,411.5,dimarts,novembre
04/11/2020,4.5,0,35,10.5,44,66.5,11.5,13,185,dimecres,novembre
05/11/2020,24,21.5,113.5,47,239.5,184.5,90.5,109,829.5,dijous,novembre
06/11/2020,6.5,1.5,13.5,4.5,7.5,9.5,4.5,9.5,57,divendres,novembre
07/11/2020,5.5,0.5,0,7,2,0,1.5,0,16.5,dissabte,novembre
08/11/2020,51,4,39.5,52,26,42.5,19,47.5,281.5,diumenge,novembre
09/11/2020,21.5,22.5,104,50.5,172,184.5,78.5,64.5,698,dilluns,novembre
10/11/2020,30.5,13,107,32,208,186,77.5,113.5,767.5,dimarts,novembre
11/11/2020,28,28,173.5,51,257.5,257.5,83.5,126,1005,dimecres,novembre
12/11/2020,28,27.5,169,48,271,241.5,92,110.5,987.5,dijous,novembre
13/11/2020,29,2,14.5,7,12.5,15,4,17,101,divendres,novembre
14/11/2020,33.5,5,35.5,38.5,35.5,41,10.5,29.5,229,dissabte,novembre
15/11/2020,43,9.5,53.5,56,50,43.5,27.5,33,316,diumenge,novembre
16/11/2020,14,9.5,74.5,12.5,139.5,163.5,40.5,54.5,508.5,dilluns,novembre
17/11/2020,22,23.5,135,40,217.5,196,83,103,820,dimarts,novembre
18/11/2020,15.5,19,135,43,199.5,199,73,93.5,777.5,dimecres,novembre
19/11/2020,23,23.5,186,33.5,318,312,104,158.5,1158.5,dijous,novembre
20/11/2020,13.5,1,12,10.5,16.5,21.5,1.5,15,91.5,divendres,novembre
21/11/2020,39,11.5,39.5,37.5,56,23,10,51,267.5,dissabte,novembre
22/11/2020,47.5,9,67,36.5,44,50,14,41.5,309.5,diumenge,novembre
23/11/2020,13,19,88,38.5,170,163,63,70,624.5,dilluns,novembre
24/11/2020,10,23,73.5,41.5,180,147,53,83.5,611.5,dimarts,novembre
25/11/2020,6.5,15.5,49.5,22.5,79.5,114.5,26.5,70.5,385,dimecres,novembre
26/11/2020,23.5,4.5,38,26.5,93,101.5,30,43.5,360.5,dijous,novembre
27/11/2020,2.5,0.5,1.5,8,7.5,22.5,0,2,44.5,divendres,novembre
28/11/2020,4,0,0.5,4.5,5,36,2.5,7,59.5,dissabte,novembre
29/11/2020,47.5,18,39,30.5,46.5,85,24.5,13.5,304.5,diumenge,novembre
30/11/2020,18,19,107.5,27,156,229.5,73.5,80,710.5,dilluns,novembre
01/12/2020,19,17.5,61.5,34,145,98.5,79,84.5,539,dimarts,desembre
02/12/2020,22.5,13.5,107.5,20,148,136,49,57,553.5,dimecres,desembre
03/12/2020,18.5,16.5,104.5,30,152,123,66.5,67.5,578.5,dijous,desembre
04/12/2020,7.5,5,41,9,18,34,4.5,19.5,138.5,divendres,desembre
05/12/2020,20.5,9.5,28,22.5,30.5,50,13.5,36,210.5,dissabte,desembre
06/12/2020,44,6,30.5,28.5,46,74.5,21.5,47.5,298.5,diumenge,desembre
07/12/2020,60.5,42.5,260.5,78,444.5,484.5,112,295,1777.5,dilluns,desembre
08/12/2020,313.5,79,433,127,744.5,692.5,237.5,389,3016,dimarts,desembre
09/12/2020,12,17.5,62.5,10.5,143.5,121.5,40.5,50,458,dimecres,desembre
10/12/2020,48,11.5,60,14,114,105.5,33,50.5,436.5,dijous,desembre
11/12/2020,52,1.5,4,9,10,0,2.5,6,85,divendres,desembre
12/12/2020,118,9,27.5,39,39,0.5,3.5,17,253.5,dissabte,desembre
13/12/2020,127,2.5,42,70,55,6,21.5,22.5,346.5,diumenge,desembre
14/12/2020,22,16.5,62,51,131,4.5,29,41,357,dilluns,desembre
15/12/2020,35,13,54.5,13,160.5,141.5,82.5,58,558,dimarts,desembre
16/12/2020,65,20.5,75.5,19,112,134.5,55,42.5,524,dimecres,desembre
17/12/2020,35,11,65,46,112.5,95.5,42.5,120,527.5,dijous,desembre
18/12/2020,40,1,3,2.5,14.5,12,5,7.5,85.5,divendres,desembre
19/12/2020,105,24.5,148,54,96,114,52.5,53.5,647.5,dissabte,desembre
20/12/2020,158,34.5,169,93.5,179,197,64,84.5,979.5,diumenge,desembre
21/12/2020,23,15.5,89.5,13,65,104.5,29.5,31.5,371.5,dilluns,desembre
22/12/2020,41,15.5,81.5,26,108,82.5,37.5,64,456,dimarts,desembre
23/12/2020,68.5,11.5,109,65,136.5,120.5,31,61,603,dimecres,desembre
24/12/2020,31,17,93.5,31.5,156,118.5,33,78,558.5,dijous,desembre
25/12/2020,35.5,11,72,25.5,117.5,97,20,50,428.5,divendres,desembre
26/12/2020,113.5,39.5,153,82,286.5,374,95,114.5,1258,dissabte,desembre
27/12/2020,123.5,60.5,217,126.5,316,313.5,100,151,1408,diumenge,desembre
28/12/2020,19,18,123.5,28.5,127,157.5,43,67,583.5,dilluns,desembre
29/12/2020,39.5,30.5,165,66.5,195,187,74,108,865.5,dimarts,desembre
30/12/2020,64,33.5,180.5,52.5,208.5,257.5,68.5,180,1045,dimecres,desembre
31/12/2020,16.5,7,35,40,75.5,41.5,31.5,33,280,dijous,desembre
